date,pm25,co2,temp,humidity,temp_max,temp_min,season
2023-06-27,120.3,461,28.2,55,34.9,22.9,Seca
2023-06-28,109.4,459,31.1,41,37.0,24.5,Seca
2023-06-29,24.4,472,34.1,40,40.2,28.1,Seca
2023-06-30,23.7,458,29.4,42,35.9,22.6,Seca
2023-07-01,30.9,456,31.4,59,37.1,23.9,Seca
2023-07-02,28.8,457,31.8,54,36.5,25.9,Seca
2023-07-03,22.9,469,27.0,46,32.1,20.9,Seca
2023-07-04,24.3,469,35.4,53,39.9,28.2,Seca
2023-07-05,23.8,468,35.9,53,42.0,28.4,Seca
2023-07-06,30.5,463,26.3,46,30.9,18.5,Seca
2023-07-07,31.6,476,32.6,48,38.0,26.8,Seca
2023-07-08,24.7,476,28.6,52,33.8,22.9,Seca
2023-07-09,33.0,460,26.9,41,32.8,19.5,Seca
2023-07-10,133.8,478,36.0,51,42.6,31.0,Seca
2023-07-11,29.9,471,31.4,45,35.7,25.1,Seca
2023-07-12,27.0,469,34.8,45,39.3,27.1,Seca
2023-07-13,31.6,462,32.4,52,38.7,25.8,Seca
2023-07-14,30.6,459,26.0,46,32.8,18.4,Seca
2023-07-15,31.1,470,26.6,58,30.9,20.1,Seca
2023-07-16,22.8,469,33.7,43,39.3,27.9,Seca
2023-07-17,31.6,474,28.1,51,32.7,22.2,Seca
2023-07-18,32.9,462,30.4,50,35.1,24.4,Seca
2023-07-19,28.5,473,28.2,41,32.9,20.5,Seca
2023-07-20,31.5,464,28.4,53,32.8,20.6,Seca
2023-07-21,28.3,456,33.8,56,38.1,27.5,Seca
2023-07-22,26.7,480,33.3,53,37.6,27.1,Seca
2023-07-23,25.7,470,28.5,44,33.8,22.7,Seca
2023-07-24,24.7,464,30.4,57,34.6,22.4,Seca
2023-07-25,31.2,456,35.3,57,40.8,29.7,Seca
2023-07-26,133.2,477,35.9,45,41.3,29.6,Seca
2023-07-27,32.5,464,31.6,54,36.5,23.7,Seca
2023-07-28,28.4,473,33.5,41,39.0,25.9,Seca
2023-07-29,23.7,473,26.8,44,32.8,21.1,Seca
2023-07-30,23.3,474,28.5,52,33.8,21.7,Seca
2023-07-31,27.8,466,28.0,54,33.2,21.0,Seca
2023-08-01,25.3,471,33.5,41,40.5,25.5,Seca
2023-08-02,22.8,471,28.7,59,35.3,22.6,Seca
2023-08-03,23.7,482,33.0,52,39.0,28.0,Seca
2023-08-04,31.0,457,32.6,59,36.9,27.3,Seca
2023-08-05,28.1,466,32.0,54,37.9,26.2,Seca
2023-08-06,27.4,470,34.5,42,39.3,29.5,Seca
2023-08-07,30.5,465,28.6,55,33.9,23.6,Seca
2023-08-08,22.8,479,35.0,51,40.7,29.6,Seca
2023-08-09,23.4,471,35.0,56,41.7,29.4,Seca
2023-08-10,24.7,462,33.8,58,39.7,28.3,Seca
2023-08-11,32.2,472,35.8,56,39.9,28.6,Seca
2023-08-12,25.7,470,34.0,57,38.8,26.6,Seca
2023-08-13,23.2,478,34.6,44,40.0,28.7,Seca
2023-08-14,30.7,468,26.2,44,32.8,18.3,Seca
2023-08-15,25.1,465,30.0,60,36.8,24.7,Seca
2023-08-16,32.7,464,35.6,45,40.9,28.4,Seca
2023-08-17,25.5,473,31.1,48,35.9,24.0,Seca
2023-08-18,22.0,477,31.4,54,37.4,25.3,Seca
2023-08-19,22.8,479,29.3,46,35.5,23.4,Seca
2023-08-20,25.4,464,30.0,46,35.3,22.2,Seca
2023-08-21,29.5,472,32.2,46,36.2,26.3,Seca
2023-08-22,26.7,470,32.5,49,37.1,26.1,Seca
2023-08-23,31.9,472,27.7,42,33.6,21.7,Seca
2023-08-24,31.0,465,32.7,44,36.8,27.0,Seca
2023-08-25,27.2,474,26.7,48,31.3,19.6,Seca
2023-08-26,27.4,476,32.6,40,38.9,27.3,Seca
2023-08-27,26.7,462,35.6,50,40.3,28.1,Seca
2023-08-28,27.0,465,32.7,60,39.6,25.0,Seca
2023-08-29,28.7,463,31.0,57,37.7,23.8,Seca
2023-08-30,27.2,476,28.5,53,34.1,21.6,Seca
2023-08-31,25.0,467,28.9,45,34.5,23.5,Seca
2023-09-01,24.5,468,33.1,41,38.7,26.9,Seca
2023-09-02,24.3,474,35.0,52,41.6,27.7,Seca
2023-09-03,129.0,471,33.5,57,38.8,26.3,Seca
2023-09-04,28.0,468,28.2,44,32.3,22.2,Seca
2023-09-05,29.5,462,27.7,49,33.6,22.6,Seca
2023-09-06,26.3,462,26.3,53,31.7,21.1,Seca
2023-09-07,26.2,458,29.3,55,35.6,21.8,Seca
2023-09-08,24.8,479,26.2,51,31.2,19.2,Seca
2023-09-09,30.6,454,33.5,59,37.6,28.0,Seca
2023-09-10,23.4,472,31.6,44,37.9,26.1,Seca
2023-09-11,28.7,469,27.1,56,31.4,22.0,Seca
2023-09-12,25.4,472,35.6,48,39.8,28.5,Seca
2023-09-13,28.9,461,33.7,57,38.1,25.7,Seca
2023-09-14,30.6,467,30.3,47,35.3,22.8,Seca
2023-09-15,31.0,474,35.6,53,41.7,29.3,Seca
2023-09-16,30.1,459,28.7,56,34.2,22.4,Seca
2023-09-17,30.0,450,34.5,57,41.1,28.8,Seca
2023-09-18,27.1,473,29.8,41,34.3,24.2,Seca
2023-09-19,30.8,462,34.8,54,38.8,27.0,Seca
2023-09-20,22.9,462,30.9,55,36.8,24.4,Seca
2023-09-21,30.7,462,28.2,54,33.9,21.8,Seca
2023-09-22,27.8,469,33.5,47,38.3,27.7,Seca
2023-09-23,23.3,470,27.2,51,31.8,21.6,Seca
2023-09-24,27.3,460,35.8,50,40.1,30.2,Seca
2023-09-25,24.5,460,26.1,51,33.0,19.4,Seca
2023-09-26,29.7,472,34.7,50,40.4,28.3,Seca
2023-09-27,26.8,456,26.5,59,33.0,20.3,Seca
2023-09-28,22.8,465,26.5,43,31.4,18.5,Seca
2023-09-29,23.3,450,32.1,56,37.7,25.7,Seca
2023-09-30,26.9,466,35.9,46,41.7,28.7,Seca
2023-10-01,20.6,458,30.1,72,34.6,24.6,Trans.Secaâ†’Chuva
2023-10-02,14.5,457,28.0,77,32.9,22.3,Trans.Secaâ†’Chuva
2023-10-03,18.9,458,35.0,77,41.8,27.6,Trans.Secaâ†’Chuva
2023-10-04,18.4,453,34.6,87,40.2,27.7,Trans.Secaâ†’Chuva
2023-10-05,20.4,447,36.3,69,41.2,29.1,Trans.Secaâ†’Chuva
2023-10-06,18.0,458,30.9,70,37.0,23.1,Trans.Secaâ†’Chuva
2023-10-07,17.5,444,32.9,70,38.2,26.9,Trans.Secaâ†’Chuva
2023-10-08,15.8,460,28.9,87,34.6,21.0,Trans.Secaâ†’Chuva
2023-10-09,21.0,444,34.7,73,41.0,28.3,Trans.Secaâ†’Chuva
2023-10-10,18.6,455,37.2,72,43.1,30.7,Trans.Secaâ†’Chuva
2023-10-11,14.6,456,31.5,75,38.1,25.5,Trans.Secaâ†’Chuva
2023-10-12,18.9,459,30.9,87,36.6,24.5,Trans.Secaâ†’Chuva
2023-10-13,16.2,450,31.2,87,36.7,23.2,Trans.Secaâ†’Chuva
2023-10-14,18.6,446,33.4,76,38.5,26.1,Trans.Secaâ†’Chuva
2023-10-15,18.4,453,35.6,72,42.4,29.3,Trans.Secaâ†’Chuva
2023-10-16,18.9,454,29.2,87,33.9,23.7,Trans.Secaâ†’Chuva
2023-10-17,17.9,462,33.5,70,40.2,27.1,Trans.Secaâ†’Chuva
2023-10-18,14.8,456,36.3,78,41.8,30.5,Trans.Secaâ†’Chuva
2023-10-19,19.8,452,37.8,73,43.0,30.0,Trans.Secaâ†’Chuva
2023-10-20,17.6,447,36.8,85,43.2,30.6,Trans.Secaâ†’Chuva
2023-10-21,20.5,447,33.1,84,38.0,26.3,Trans.Secaâ†’Chuva
2023-10-22,21.0,452,32.9,71,37.9,26.2,Trans.Secaâ†’Chuva
2023-10-23,17.8,445,32.6,74,38.7,25.9,Trans.Secaâ†’Chuva
2023-10-24,15.6,456,35.8,69,41.9,28.4,Trans.Secaâ†’Chuva
2023-10-25,16.7,460,34.6,84,40.1,29.5,Trans.Secaâ†’Chuva
2023-10-26,17.5,458,33.9,85,39.2,27.3,Trans.Secaâ†’Chuva
2023-10-27,17.2,454,35.2,76,39.7,28.8,Trans.Secaâ†’Chuva
2023-10-28,20.8,453,31.4,82,38.0,23.8,Trans.Secaâ†’Chuva
2023-10-29,20.0,455,31.8,74,38.1,24.2,Trans.Secaâ†’Chuva
2023-10-30,14.3,459,28.7,81,35.7,21.5,Trans.Secaâ†’Chuva
2023-10-31,17.0,458,29.0,81,34.3,21.9,Trans.Secaâ†’Chuva
2023-11-01,20.3,446,28.5,84,33.6,23.1,Trans.Secaâ†’Chuva
2023-11-02,17.7,443,33.7,84,37.9,26.1,Trans.Secaâ†’Chuva
2023-11-03,18.3,443,30.4,86,35.8,24.6,Trans.Secaâ†’Chuva
2023-11-04,15.8,458,28.1,84,34.1,22.6,Trans.Secaâ†’Chuva
2023-11-05,17.1,453,31.5,80,36.8,25.7,Trans.Secaâ†’Chuva
2023-11-06,19.9,450,30.0,76,34.7,23.3,Trans.Secaâ†’Chuva
2023-11-07,18.0,460,37.9,74,43.9,32.1,Trans.Secaâ†’Chuva
2023-11-08,18.0,441,34.9,83,40.7,28.4,Trans.Secaâ†’Chuva
2023-11-09,20.3,452,30.9,84,36.0,24.0,Trans.Secaâ†’Chuva
2023-11-10,18.3,453,34.8,82,41.3,27.9,Trans.Secaâ†’Chuva
2023-11-11,20.3,449,34.5,74,40.2,27.3,Trans.Secaâ†’Chuva
2023-11-12,14.6,444,31.0,83,35.4,24.4,Trans.Secaâ†’Chuva
2023-11-13,20.8,457,33.3,86,38.1,25.8,Trans.Secaâ†’Chuva
2023-11-14,17.4,447,36.1,83,40.4,28.2,Trans.Secaâ†’Chuva
2023-11-15,15.0,455,37.7,85,44.6,29.8,Trans.Secaâ†’Chuva
2023-11-16,19.6,441,31.7,84,37.3,25.3,Trans.Secaâ†’Chuva
2023-11-17,18.7,457,34.7,80,41.5,29.4,Trans.Secaâ†’Chuva
2023-11-18,15.6,452,28.3,86,35.0,22.6,Trans.Secaâ†’Chuva
2023-11-19,14.4,447,36.2,86,41.4,30.8,Trans.Secaâ†’Chuva
2023-11-20,20.6,443,31.0,78,37.7,25.6,Trans.Secaâ†’Chuva
2023-11-21,17.2,460,34.7,83,40.0,27.5,Trans.Secaâ†’Chuva
2023-11-22,15.1,451,32.1,70,37.3,24.2,Trans.Secaâ†’Chuva
2023-11-23,14.2,460,31.7,77,38.3,26.4,Trans.Secaâ†’Chuva
2023-11-24,18.8,449,33.4,88,38.6,27.8,Trans.Secaâ†’Chuva
2023-11-25,14.9,455,36.5,77,42.4,29.7,Trans.Secaâ†’Chuva
2023-11-26,14.1,444,35.9,73,41.6,30.7,Trans.Secaâ†’Chuva
2023-11-27,19.4,459,30.1,72,35.1,24.7,Trans.Secaâ†’Chuva
2023-11-28,20.3,445,28.0,85,32.4,22.2,Trans.Secaâ†’Chuva
2023-11-29,15.2,443,34.6,69,41.0,28.9,Trans.Secaâ†’Chuva
2023-11-30,16.3,457,29.7,69,35.3,22.5,Trans.Secaâ†’Chuva
2023-12-01,7.4,445,36.8,78,42.3,29.0,Chuvosa
2023-12-02,6.1,453,36.8,85,42.2,28.9,Chuvosa
2023-12-03,6.2,457,33.8,76,39.3,26.1,Chuvosa
2023-12-04,6.2,445,29.8,80,34.6,22.9,Chuvosa
2023-12-05,7.6,454,32.3,88,37.7,25.5,Chuvosa
2023-12-06,6.3,457,36.0,85,42.3,28.8,Chuvosa
2023-12-07,6.6,451,33.5,73,38.9,27.3,Chuvosa
2023-12-08,6.3,452,33.3,81,37.8,25.5,Chuvosa
2023-12-09,6.2,446,37.3,70,43.5,29.9,Chuvosa
2023-12-10,7.7,451,34.9,79,39.3,28.8,Chuvosa
2023-12-11,8.0,459,36.5,85,43.4,29.7,Chuvosa
2023-12-12,7.1,458,34.8,72,39.5,29.5,Chuvosa
2023-12-13,8.5,457,32.7,83,39.1,25.2,Chuvosa
2023-12-14,8.9,458,37.2,80,41.3,29.4,Chuvosa
2023-12-15,8.5,460,31.7,72,36.6,25.7,Chuvosa
2023-12-16,6.0,454,37.7,79,42.1,30.8,Chuvosa
2023-12-17,6.1,455,36.5,72,41.5,30.4,Chuvosa
2023-12-18,8.2,448,36.8,79,41.0,31.3,Chuvosa
2023-12-19,7.9,460,35.7,73,41.2,29.4,Chuvosa
2023-12-20,6.8,456,36.5,70,41.3,29.5,Chuvosa
2023-12-21,7.5,455,35.7,69,41.5,30.7,Chuvosa
2023-12-22,6.9,453,31.1,71,36.1,26.1,Chuvosa
2023-12-23,8.2,462,30.8,76,36.3,23.3,Chuvosa
2023-12-24,8.4,449,29.7,85,33.8,21.9,Chuvosa
2023-12-25,8.6,462,34.8,79,40.1,29.5,Chuvosa
2023-12-26,6.1,461,32.2,84,38.7,24.4,Chuvosa
2023-12-27,6.3,461,37.4,73,43.0,31.2,Chuvosa
2023-12-28,6.9,452,32.4,75,37.9,27.1,Chuvosa
2023-12-29,7.5,464,38.1,75,44.6,30.7,Chuvosa
2023-12-30,6.7,462,30.5,72,36.8,23.5,Chuvosa
2023-12-31,6.5,465,36.7,78,43.0,30.4,Chuvosa
2024-01-01,8.8,462,34.6,81,41.2,27.7,Chuvosa
2024-01-02,6.5,456,29.7,77,34.5,24.5,Chuvosa
2024-01-03,7.5,452,32.1,77,38.6,26.9,Chuvosa
2024-01-04,8.6,461,37.6,80,43.0,30.9,Chuvosa
2024-01-05,8.4,467,38.0,77,44.0,32.0,Chuvosa
2024-01-06,7.4,453,30.5,69,37.2,24.5,Chuvosa
2024-01-07,8.1,456,34.0,71,39.3,27.7,Chuvosa
2024-01-08,7.6,457,30.6,75,35.8,24.6,Chuvosa
2024-01-09,7.8,453,36.9,81,41.2,29.9,Chuvosa
2024-01-10,6.9,470,36.2,81,42.8,30.2,Chuvosa
2024-01-11,7.7,471,30.4,75,36.5,24.2,Chuvosa
2024-01-12,7.8,460,38.4,74,44.8,31.0,Chuvosa
2024-01-13,8.0,466,37.3,83,42.9,30.4,Chuvosa
2024-01-14,7.3,456,32.6,75,37.2,24.8,Chuvosa
2024-01-15,7.5,454,31.3,71,37.8,26.0,Chuvosa
2024-01-16,8.3,454,37.4,86,42.4,30.1,Chuvosa
2024-01-17,6.4,470,32.8,71,39.1,25.4,Chuvosa
2024-01-18,6.5,467,33.4,76,38.1,27.1,Chuvosa
2024-01-19,6.9,464,36.5,77,41.4,29.1,Chuvosa
2024-01-20,7.4,472,37.4,75,44.4,31.0,Chuvosa
2024-01-21,6.8,473,32.8,79,39.3,25.4,Chuvosa
2024-01-22,6.4,471,31.5,81,37.2,26.2,Chuvosa
2024-01-23,8.5,469,37.5,74,42.3,29.8,Chuvosa
2024-01-24,6.4,458,33.4,87,38.8,27.4,Chuvosa
2024-01-25,6.1,458,29.5,78,36.5,23.4,Chuvosa
2024-01-26,6.1,467,38.3,85,44.7,32.9,Chuvosa
2024-01-27,6.9,457,37.3,82,43.4,31.0,Chuvosa
2024-01-28,6.0,471,29.8,73,35.4,22.6,Chuvosa
2024-01-29,7.6,460,30.1,74,34.2,23.8,Chuvosa
2024-01-30,8.4,472,33.6,70,39.4,28.6,Chuvosa
2024-01-31,7.5,463,31.4,71,37.2,25.7,Chuvosa
2024-02-01,7.2,473,35.6,70,39.8,29.0,Chuvosa
2024-02-02,7.5,462,38.9,79,44.3,32.0,Chuvosa
2024-02-03,8.9,470,31.5,68,36.5,24.3,Chuvosa
2024-02-04,7.9,461,36.7,83,40.8,30.1,Chuvosa
2024-02-05,8.4,463,30.8,84,36.9,23.9,Chuvosa
2024-02-06,8.4,463,29.6,84,34.5,24.5,Chuvosa
2024-02-07,6.6,464,29.4,87,36.4,22.8,Chuvosa
2024-02-08,6.8,461,36.5,72,42.8,28.9,Chuvosa
2024-02-09,7.0,472,30.2,75,36.4,22.5,Chuvosa
2024-02-10,7.2,464,38.7,78,45.5,32.1,Chuvosa
2024-02-11,8.4,466,36.3,70,42.8,29.7,Chuvosa
2024-02-12,7.0,460,29.8,81,35.6,23.5,Chuvosa
2024-02-13,8.1,471,32.5,69,37.6,24.5,Chuvosa
2024-02-14,6.8,455,38.8,87,44.7,32.7,Chuvosa
2024-02-15,8.4,456,35.8,87,41.6,28.5,Chuvosa
2024-02-16,6.1,460,29.7,84,34.8,23.0,Chuvosa
2024-02-17,7.8,460,35.8,87,42.1,29.1,Chuvosa
2024-02-18,7.6,458,33.0,81,37.3,25.8,Chuvosa
2024-02-19,7.5,458,32.9,79,37.7,26.6,Chuvosa
2024-02-20,9.0,462,31.9,86,36.3,24.3,Chuvosa
2024-02-21,7.4,454,38.0,77,44.0,30.5,Chuvosa
2024-02-22,7.0,463,32.5,69,39.2,24.9,Chuvosa
2024-02-23,8.1,468,38.3,81,43.8,32.9,Chuvosa
2024-02-24,6.6,452,30.4,84,36.1,24.3,Chuvosa
2024-02-25,8.4,453,34.5,80,39.4,26.5,Chuvosa
2024-02-26,8.2,468,34.3,83,38.5,26.4,Chuvosa
2024-02-27,7.9,458,33.5,82,40.1,26.2,Chuvosa
2024-02-28,7.9,460,30.8,87,37.5,25.6,Chuvosa
2024-02-29,6.4,457,30.5,71,36.6,24.5,Chuvosa
2024-03-01,8.8,456,37.9,85,43.8,31.2,Chuvosa
2024-03-02,6.4,461,32.0,79,36.5,24.2,Chuvosa
2024-03-03,6.5,462,35.6,82,42.1,28.9,Chuvosa
2024-03-04,8.5,463,29.3,69,35.0,22.3,Chuvosa
2024-03-05,8.3,460,33.2,81,39.1,27.3,Chuvosa
2024-03-06,8.9,463,33.8,84,38.7,28.6,Chuvosa
2024-03-07,6.2,454,33.4,78,39.2,27.5,Chuvosa
2024-03-08,8.2,469,36.3,85,40.7,30.2,Chuvosa
2024-03-09,7.7,454,32.2,77,36.9,26.9,Chuvosa
2024-03-10,6.9,454,32.8,80,39.4,27.3,Chuvosa
2024-03-11,7.0,464,34.8,74,40.3,28.3,Chuvosa
2024-03-12,7.5,467,32.1,68,37.6,24.2,Chuvosa
2024-03-13,6.6,458,32.5,69,39.1,25.5,Chuvosa
2024-03-14,7.4,456,34.4,85,41.0,27.2,Chuvosa
2024-03-15,8.3,459,32.7,76,37.3,26.0,Chuvosa
2024-03-16,6.2,453,34.0,83,41.0,27.0,Chuvosa
2024-03-17,6.4,463,38.8,76,43.8,31.0,Chuvosa
2024-03-18,8.3,457,31.0,78,35.1,25.6,Chuvosa
2024-03-19,7.0,459,33.7,77,39.2,27.7,Chuvosa
2024-03-20,7.8,461,30.6,88,35.5,24.6,Chuvosa
2024-03-21,8.5,452,34.3,82,40.7,28.2,Chuvosa
2024-03-22,8.0,462,38.8,80,45.0,31.7,Chuvosa
2024-03-23,6.1,461,33.7,87,40.0,27.0,Chuvosa
2024-03-24,8.2,458,34.8,71,40.7,27.3,Chuvosa
2024-03-25,6.4,464,35.8,69,40.1,30.7,Chuvosa
2024-03-26,6.9,453,30.5,82,36.8,22.7,Chuvosa
2024-03-27,8.6,447,36.4,69,41.0,30.4,Chuvosa
2024-03-28,8.0,448,34.3,74,41.0,28.3,Chuvosa
2024-03-29,7.1,457,36.7,82,42.8,29.9,Chuvosa
2024-03-30,6.6,448,31.5,79,38.4,25.6,Chuvosa
2024-03-31,6.9,450,31.1,82,36.1,23.3,Chuvosa
2024-04-01,8.4,457,31.7,70,36.8,23.8,Trans.Chuvaâ†’Seca
2024-04-02,8.5,449,38.5,84,43.4,31.4,Trans.Chuvaâ†’Seca
2024-04-03,7.0,453,33.4,73,38.0,26.8,Trans.Chuvaâ†’Seca
2024-04-04,8.8,455,36.0,71,41.8,30.3,Trans.Chuvaâ†’Seca
2024-04-05,8.0,444,34.3,81,39.5,27.1,Trans.Chuvaâ†’Seca
2024-04-06,6.3,453,36.7,68,43.5,30.5,Trans.Chuvaâ†’Seca
2024-04-07,8.8,446,37.8,78,44.7,31.8,Trans.Chuvaâ†’Seca
2024-04-08,7.9,454,38.1,70,43.7,30.9,Trans.Chuvaâ†’Seca
2024-04-09,8.8,460,38.1,72,42.6,30.3,Trans.Chuvaâ†’Seca
2024-04-10,9.0,460,33.0,78,39.9,25.2,Trans.Chuvaâ†’Seca
2024-04-11,8.6,444,29.1,79,36.0,23.2,Trans.Chuvaâ†’Seca
2024-04-12,9.0,460,34.4,78,41.0,28.0,Trans.Chuvaâ†’Seca
2024-04-13,6.6,450,30.1,71,34.9,24.5,Trans.Chuvaâ†’Seca
2024-04-14,8.2,456,36.9,79,41.4,29.3,Trans.Chuvaâ†’Seca
2024-04-15,8.7,443,37.3,78,43.3,31.7,Trans.Chuvaâ†’Seca
2024-04-16,6.4,446,32.2,73,36.9,24.9,Trans.Chuvaâ†’Seca
2024-04-17,8.9,441,32.0,82,38.0,24.9,Trans.Chuvaâ†’Seca
2024-04-18,6.2,449,30.2,74,35.7,22.5,Trans.Chuvaâ†’Seca
2024-04-19,8.1,459,32.1,70,37.0,25.3,Trans.Chuvaâ†’Seca
2024-04-20,6.7,455,30.3,71,36.1,24.1,Trans.Chuvaâ†’Seca
2024-04-21,7.6,454,33.7,79,38.4,28.0,Trans.Chuvaâ†’Seca
2024-04-22,8.3,449,37.7,70,43.8,32.5,Trans.Chuvaâ†’Seca
2024-04-23,7.7,450,29.6,79,35.3,24.2,Trans.Chuvaâ†’Seca
2024-04-24,7.0,444,34.2,70,39.9,28.9,Trans.Chuvaâ†’Seca
2024-04-25,7.5,450,37.1,77,42.5,31.9,Trans.Chuvaâ†’Seca
2024-04-26,7.4,448,37.1,82,43.5,29.9,Trans.Chuvaâ†’Seca
2024-04-27,7.7,441,29.5,75,36.5,21.7,Trans.Chuvaâ†’Seca
2024-04-28,6.2,448,38.3,69,44.6,31.0,Trans.Chuvaâ†’Seca
2024-04-29,8.9,460,35.5,76,40.6,27.9,Trans.Chuvaâ†’Seca
2024-04-30,8.7,453,32.8,82,38.4,25.8,Trans.Chuvaâ†’Seca
2024-05-01,7.0,451,30.8,79,37.0,25.1,Trans.Chuvaâ†’Seca
2024-05-02,6.0,453,29.2,74,34.8,22.6,Trans.Chuvaâ†’Seca
2024-05-03,8.5,446,31.5,75,38.3,24.3,Trans.Chuvaâ†’Seca
2024-05-04,6.3,455,37.1,76,43.8,32.1,Trans.Chuvaâ†’Seca
2024-05-05,6.6,452,30.0,69,36.1,24.9,Trans.Chuvaâ†’Seca
2024-05-06,8.2,445,33.0,73,39.6,27.8,Trans.Chuvaâ†’Seca
2024-05-07,7.5,455,31.9,84,36.9,25.1,Trans.Chuvaâ†’Seca
2024-05-08,8.0,443,32.2,74,38.2,26.5,Trans.Chuvaâ†’Seca
2024-05-09,6.9,458,29.6,87,36.3,22.7,Trans.Chuvaâ†’Seca
2024-05-10,7.3,459,34.0,87,40.0,26.6,Trans.Chuvaâ†’Seca
2024-05-11,7.0,448,33.2,71,39.5,26.8,Trans.Chuvaâ†’Seca
2024-05-12,8.5,457,32.0,82,38.7,25.3,Trans.Chuvaâ†’Seca
2024-05-13,8.9,446,34.6,71,39.2,27.7,Trans.Chuvaâ†’Seca
2024-05-14,8.8,455,37.5,70,42.1,31.7,Trans.Chuvaâ†’Seca
2024-05-15,8.0,445,35.0,85,41.3,27.8,Trans.Chuvaâ†’Seca
2024-05-16,7.7,448,33.8,85,40.7,28.8,Trans.Chuvaâ†’Seca
2024-05-17,8.8,461,38.6,70,44.0,32.9,Trans.Chuvaâ†’Seca
2024-05-18,7.8,452,31.0,86,37.3,24.9,Trans.Chuvaâ†’Seca
2024-05-19,7.6,452,32.6,73,38.1,27.3,Trans.Chuvaâ†’Seca
2024-05-20,8.9,460,33.7,85,38.8,27.5,Trans.Chuvaâ†’Seca
2024-05-21,7.7,447,31.2,71,38.0,24.5,Trans.Chuvaâ†’Seca
2024-05-22,7.3,450,30.5,75,37.0,24.0,Trans.Chuvaâ†’Seca
2024-05-23,8.0,459,35.8,73,42.7,28.9,Trans.Chuvaâ†’Seca
2024-05-24,7.5,446,30.7,84,36.9,24.2,Trans.Chuvaâ†’Seca
2024-05-25,8.8,444,34.4,81,38.5,26.9,Trans.Chuvaâ†’Seca
2024-05-26,8.8,451,35.7,83,42.2,30.0,Trans.Chuvaâ†’Seca
2024-05-27,8.1,450,29.1,78,35.0,22.1,Trans.Chuvaâ†’Seca
2024-05-28,7.8,443,33.8,78,39.5,28.8,Trans.Chuvaâ†’Seca
2024-05-29,7.6,444,31.7,88,38.1,24.7,Trans.Chuvaâ†’Seca
2024-05-30,8.4,446,38.1,70,42.5,32.5,Trans.Chuvaâ†’Seca
2024-05-31,7.6,452,37.2,73,42.3,31.0,Trans.Chuvaâ†’Seca
2024-06-01,28.2,469,28.3,54,34.3,20.7,Seca
2024-06-02,30.4,453,29.8,51,33.8,24.3,Seca
2024-06-03,27.5,470,33.8,51,38.1,27.2,Seca
2024-06-04,22.5,454,34.7,58,38.8,29.5,Seca
2024-06-05,32.2,472,31.6,41,36.5,23.7,Seca
2024-06-06,28.5,455,33.1,48,37.6,27.4,Seca
2024-06-07,31.2,469,35.0,47,39.4,27.0,Seca
2024-06-08,30.0,463,35.7,41,42.2,29.7,Seca
2024-06-09,30.5,447,30.0,55,34.8,22.0,Seca
2024-06-10,27.4,468,35.4,49,41.4,30.1,Seca
2024-06-11,28.8,458,33.1,42,39.2,26.2,Seca
2024-06-12,30.1,461,27.1,40,32.2,21.3,Seca
2024-06-13,23.5,463,30.5,51,34.6,24.4,Seca
2024-06-14,23.0,461,29.2,48,34.4,23.9,Seca
2024-06-15,31.9,459,35.8,51,40.9,30.4,Seca
2024-06-16,25.3,464,26.6,49,32.1,21.4,Seca
2024-06-17,24.8,460,32.3,52,36.6,26.4,Seca
2024-06-18,32.4,455,32.2,56,37.2,24.8,Seca
2024-06-19,31.5,475,27.4,46,32.0,21.5,Seca
2024-06-20,32.6,467,28.9,54,34.6,23.2,Seca
2024-06-21,26.1,468,29.9,42,35.7,23.3,Seca
2024-06-22,29.5,471,35.5,49,40.8,29.6,Seca
2024-06-23,29.6,467,34.0,48,39.9,28.3,Seca
2024-06-24,29.2,478,33.9,41,39.3,27.7,Seca
2024-06-25,27.6,474,32.9,51,38.0,25.2,Seca
2024-06-26,27.9,463,26.8,55,31.9,19.9,Seca
2024-06-27,22.5,473,32.8,48,39.7,26.5,Seca
2024-06-28,22.1,470,31.1,50,36.8,24.8,Seca
2024-06-29,26.3,466,31.9,50,36.0,26.6,Seca
2024-06-30,26.6,454,27.2,59,32.1,20.8,Seca
2024-07-01,24.3,473,30.8,49,35.8,24.9,Seca
2024-07-02,30.9,473,34.5,53,39.0,26.5,Seca
2024-07-03,24.7,479,27.6,51,32.3,21.4,Seca
2024-07-04,24.0,472,30.3,41,34.9,23.5,Seca
2024-07-05,26.3,468,28.1,55,32.3,22.8,Seca
2024-07-06,31.6,465,29.3,49,35.9,22.7,Seca
2024-07-07,29.0,467,32.1,52,38.6,25.2,Seca
2024-07-08,31.0,462,29.0,52,33.4,23.6,Seca
2024-07-09,25.4,469,32.9,50,37.3,26.7,Seca
2024-07-10,24.0,481,32.9,53,38.6,26.4,Seca
2024-07-11,23.5,468,30.5,41,34.5,25.1,Seca
2024-07-12,31.0,475,31.1,50,36.3,23.6,Seca
2024-07-13,27.4,459,26.3,55,31.1,19.7,Seca
2024-07-14,23.9,464,33.4,55,37.7,28.1,Seca
2024-07-15,30.5,454,29.7,56,35.9,23.1,Seca
2024-07-16,32.9,459,34.3,55,41.3,28.0,Seca
2024-07-17,25.8,469,30.4,60,35.1,23.0,Seca
2024-07-18,28.5,465,33.1,53,37.5,27.5,Seca
2024-07-19,126.9,468,28.8,51,34.9,22.9,Seca
2024-07-20,24.9,464,35.9,54,42.8,28.5,Seca
2024-07-21,32.1,479,34.7,43,39.4,27.6,Seca
2024-07-22,31.1,473,32.8,50,37.6,26.6,Seca
2024-07-23,27.0,472,34.8,42,39.6,27.0,Seca
2024-07-24,26.1,477,29.3,40,35.5,22.1,Seca
2024-07-25,27.0,473,29.6,41,34.3,23.3,Seca
2024-07-26,24.3,474,34.3,47,40.0,27.8,Seca
2024-07-27,25.8,478,26.5,42,31.9,21.1,Seca
2024-07-28,31.4,458,26.0,59,32.1,20.6,Seca
2024-07-29,29.1,475,35.3,45,40.1,29.2,Seca
2024-07-30,31.9,476,30.0,46,34.7,23.0,Seca
2024-07-31,151.2,476,27.3,45,31.3,20.2,Seca
2024-08-01,31.0,463,30.2,43,35.3,23.0,Seca
2024-08-02,23.1,477,34.8,43,41.1,29.4,Seca
2024-08-03,32.9,475,31.3,40,36.6,24.1,Seca
2024-08-04,28.9,479,30.1,54,34.4,24.8,Seca
2024-08-05,30.3,460,29.8,59,34.2,24.0,Seca
2024-08-06,22.9,477,32.0,52,38.1,24.5,Seca
2024-08-07,29.2,476,31.2,50,36.1,26.0,Seca
2024-08-08,31.9,471,30.9,42,36.7,24.3,Seca
2024-08-09,32.8,478,35.3,43,41.0,29.2,Seca
2024-08-10,29.5,453,35.5,55,39.7,29.7,Seca
2024-08-11,190.8,471,31.1,53,36.3,24.0,Seca
2024-08-12,22.9,467,32.2,46,37.7,26.6,Seca
2024-08-13,30.9,477,29.9,53,35.9,24.7,Seca
2024-08-14,29.7,462,34.5,41,39.8,28.1,Seca
2024-08-15,28.7,455,33.4,55,39.5,26.3,Seca
2024-08-16,23.8,467,31.2,56,35.7,25.8,Seca
2024-08-17,30.6,453,34.9,55,41.3,29.1,Seca
2024-08-18,22.7,469,31.8,42,36.9,25.3,Seca
2024-08-19,28.2,471,28.6,42,34.8,22.9,Seca
2024-08-20,207.0,467,28.4,49,32.9,20.6,Seca
2024-08-21,31.4,460,35.1,55,40.1,28.9,Seca
2024-08-22,29.9,469,26.8,47,33.5,21.3,Seca
2024-08-23,30.8,468,35.5,41,40.3,28.0,Seca
2024-08-24,25.6,470,26.1,44,31.0,19.2,Seca
2024-08-25,27.1,454,30.9,55,37.6,23.6,Seca
2024-08-26,136.2,475,28.3,47,34.9,20.4,Seca
2024-08-27,22.0,452,34.5,55,40.1,28.8,Seca
2024-08-28,226.9,476,33.1,42,39.8,26.5,Seca
2024-08-29,29.7,460,35.7,42,40.1,28.2,Seca
2024-08-30,22.8,454,30.3,59,35.1,24.4,Seca
2024-08-31,30.8,463,33.4,46,37.6,27.8,Seca
2024-09-01,30.6,466,27.6,43,32.8,21.0,Seca
2024-09-02,32.6,459,29.1,45,33.6,22.0,Seca
2024-09-03,31.1,455,26.4,57,30.7,20.7,Seca
2024-09-04,25.9,476,32.8,45,36.9,26.6,Seca
2024-09-05,27.0,472,28.5,49,32.9,23.5,Seca
2024-09-06,31.1,455,27.3,56,33.2,20.4,Seca
2024-09-07,28.4,457,34.1,40,40.8,27.8,Seca
2024-09-08,23.4,456,34.3,47,39.7,28.8,Seca
2024-09-09,28.3,469,29.9,41,34.4,24.3,Seca
2024-09-10,24.1,467,34.8,41,39.5,28.9,Seca
2024-09-11,26.5,457,26.6,46,31.2,18.9,Seca
2024-09-12,27.8,466,34.0,56,40.3,27.9,Seca
2024-09-13,28.0,462,35.1,50,39.6,29.1,Seca
2024-09-14,24.4,474,33.8,41,39.4,26.5,Seca
2024-09-15,33.0,459,27.0,53,33.4,19.2,Seca
2024-09-16,22.6,461,28.2,57,33.3,20.7,Seca
2024-09-17,31.3,459,31.9,56,38.6,26.8,Seca
2024-09-18,29.7,457,31.6,51,38.6,24.0,Seca
2024-09-19,27.4,457,30.9,42,35.6,24.3,Seca
2024-09-20,22.0,467,28.0,43,34.8,20.5,Seca
2024-09-21,163.6,461,35.2,55,41.8,27.3,Seca
2024-09-22,26.1,458,30.0,42,34.4,24.5,Seca
2024-09-23,32.4,455,35.6,53,42.5,28.5,Seca
2024-09-24,32.2,455,28.2,52,33.1,21.1,Seca
2024-09-25,23.4,451,35.5,59,42.5,27.6,Seca
2024-09-26,22.4,447,35.2,59,40.9,27.4,Seca
2024-09-27,23.5,446,28.4,60,35.1,23.1,Seca
2024-09-28,29.8,456,34.9,49,39.6,29.7,Seca
2024-09-29,24.8,465,26.0,48,32.9,18.3,Seca
2024-09-30,27.4,460,31.5,42,38.1,24.5,Seca
2024-10-01,18.8,459,29.6,69,34.5,23.6,Trans.Secaâ†’Chuva
2024-10-02,20.7,449,28.7,71,34.9,22.1,Trans.Secaâ†’Chuva
2024-10-03,20.3,454,28.9,80,34.3,23.8,Trans.Secaâ†’Chuva
2024-10-04,20.6,445,29.6,86,33.9,24.0,Trans.Secaâ†’Chuva
2024-10-05,15.3,456,35.0,82,39.8,29.2,Trans.Secaâ†’Chuva
2024-10-06,15.7,458,28.5,79,33.0,22.4,Trans.Secaâ†’Chuva
2024-10-07,17.0,453,30.9,81,35.5,25.8,Trans.Secaâ†’Chuva
2024-10-08,15.2,458,30.9,70,35.8,24.7,Trans.Secaâ†’Chuva
2024-10-09,17.4,452,34.6,70,39.2,26.9,Trans.Secaâ†’Chuva
2024-10-10,16.6,450,32.5,73,37.2,26.7,Trans.Secaâ†’Chuva
2024-10-11,14.4,442,35.5,81,40.5,28.9,Trans.Secaâ†’Chuva
2024-10-12,20.8,457,33.9,79,40.4,27.6,Trans.Secaâ†’Chuva
2024-10-13,17.7,458,36.7,77,42.1,31.5,Trans.Secaâ†’Chuva
2024-10-14,20.3,458,35.1,78,41.5,28.1,Trans.Secaâ†’Chuva
2024-10-15,18.3,444,29.2,83,36.2,21.3,Trans.Secaâ†’Chuva
2024-10-16,19.7,460,29.3,76,34.6,21.3,Trans.Secaâ†’Chuva
2024-10-17,18.4,458,36.3,73,43.0,31.1,Trans.Secaâ†’Chuva
2024-10-18,16.7,446,32.0,75,37.4,24.4,Trans.Secaâ†’Chuva
2024-10-19,19.5,448,34.2,78,39.4,28.8,Trans.Secaâ†’Chuva
2024-10-20,18.1,459,35.6,87,41.3,30.3,Trans.Secaâ†’Chuva
2024-10-21,16.0,448,33.4,75,38.5,26.9,Trans.Secaâ†’Chuva
2024-10-22,18.3,443,28.4,74,34.2,21.3,Trans.Secaâ†’Chuva
2024-10-23,14.3,445,36.9,75,43.1,29.1,Trans.Secaâ†’Chuva
2024-10-24,20.3,446,28.2,84,33.0,21.7,Trans.Secaâ†’Chuva
2024-10-25,18.9,443,29.0,85,35.9,22.7,Trans.Secaâ†’Chuva
2024-10-26,19.8,453,30.7,76,35.3,25.1,Trans.Secaâ†’Chuva
2024-10-27,19.8,457,35.4,83,41.9,28.9,Trans.Secaâ†’Chuva
2024-10-28,15.1,443,31.1,78,37.7,23.5,Trans.Secaâ†’Chuva
2024-10-29,14.2,457,29.9,85,34.6,23.5,Trans.Secaâ†’Chuva
2024-10-30,20.4,457,35.0,73,40.5,28.1,Trans.Secaâ†’Chuva
2024-10-31,14.9,452,28.3,75,32.8,20.7,Trans.Secaâ†’Chuva
2024-11-01,18.1,458,31.5,71,37.7,24.4,Trans.Secaâ†’Chuva
2024-11-02,16.0,452,31.9,71,38.8,24.3,Trans.Secaâ†’Chuva
2024-11-03,18.5,449,34.8,73,38.9,27.5,Trans.Secaâ†’Chuva
2024-11-04,19.4,454,28.1,86,33.9,23.1,Trans.Secaâ†’Chuva
2024-11-05,15.8,460,36.1,74,42.0,29.8,Trans.Secaâ†’Chuva
2024-11-06,16.6,450,31.5,73,37.5,24.0,Trans.Secaâ†’Chuva
2024-11-07,16.8,454,29.0,78,35.5,22.9,Trans.Secaâ†’Chuva
2024-11-08,18.5,443,34.1,74,38.3,26.1,Trans.Secaâ†’Chuva
2024-11-09,18.5,456,36.6,73,43.3,30.7,Trans.Secaâ†’Chuva
2024-11-10,15.0,458,35.7,86,42.1,28.9,Trans.Secaâ†’Chuva
2024-11-11,18.6,455,34.8,82,41.8,29.0,Trans.Secaâ†’Chuva
2024-11-12,16.9,456,31.9,69,37.6,26.3,Trans.Secaâ†’Chuva
2024-11-13,19.1,458,30.2,79,36.9,23.2,Trans.Secaâ†’Chuva
2024-11-14,17.6,460,36.5,85,41.0,31.2,Trans.Secaâ†’Chuva
2024-11-15,14.9,458,30.6,84,35.1,23.6,Trans.Secaâ†’Chuva
2024-11-16,16.3,457,28.9,75,33.8,21.5,Trans.Secaâ†’Chuva
2024-11-17,16.3,460,30.6,74,36.0,23.0,Trans.Secaâ†’Chuva
2024-11-18,18.1,461,37.4,69,42.9,29.8,Trans.Secaâ†’Chuva
2024-11-19,16.7,460,31.0,69,35.4,25.4,Trans.Secaâ†’Chuva
2024-11-20,16.9,452,33.7,86,38.6,26.6,Trans.Secaâ†’Chuva
2024-11-21,19.5,447,32.9,81,38.8,27.9,Trans.Secaâ†’Chuva
2024-11-22,15.9,459,35.6,71,41.1,28.3,Trans.Secaâ†’Chuva
2024-11-23,14.6,452,34.1,81,41.0,28.0,Trans.Secaâ†’Chuva
2024-11-24,14.3,444,30.0,75,35.0,22.5,Trans.Secaâ†’Chuva
2024-11-25,15.3,449,34.8,81,40.9,28.8,Trans.Secaâ†’Chuva
2024-11-26,14.9,448,31.8,80,38.3,25.9,Trans.Secaâ†’Chuva
2024-11-27,16.0,452,35.3,80,42.0,27.3,Trans.Secaâ†’Chuva
2024-11-28,16.4,449,37.0,75,43.8,29.2,Trans.Secaâ†’Chuva
2024-11-29,16.8,448,30.3,83,36.5,23.5,Trans.Secaâ†’Chuva
2024-11-30,15.2,446,31.7,81,38.3,25.9,Trans.Secaâ†’Chuva
2024-12-01,7.6,459,29.5,88,35.5,24.4,Chuvosa
2024-12-02,8.1,457,33.2,76,38.6,27.7,Chuvosa
2024-12-03,8.1,460,35.3,74,41.3,29.5,Chuvosa
2024-12-04,7.8,449,30.4,85,36.6,25.0,Chuvosa
2024-12-05,6.3,451,30.1,72,34.9,23.5,Chuvosa
2024-12-06,6.6,448,36.0,74,41.5,30.4,Chuvosa
2024-12-07,8.8,461,32.3,68,39.0,24.8,Chuvosa
2024-12-08,8.0,458,30.5,70,36.7,25.2,Chuvosa
2024-12-09,6.8,454,31.3,88,36.7,26.0,Chuvosa
2024-12-10,6.5,464,29.4,74,34.3,22.2,Chuvosa
2024-12-11,6.3,465,36.6,69,42.6,31.1,Chuvosa
2024-12-12,7.1,466,33.4,80,37.7,26.0,Chuvosa
2024-12-13,6.5,454,33.0,87,38.2,25.4,Chuvosa
2024-12-14,8.4,451,35.5,84,41.6,30.3,Chuvosa
2024-12-15,8.8,461,30.6,76,37.0,23.6,Chuvosa
2024-12-16,6.5,450,32.8,75,38.9,25.3,Chuvosa
2024-12-17,8.9,452,30.3,86,35.5,25.2,Chuvosa
2024-12-18,6.8,464,32.1,82,38.4,25.4,Chuvosa
2024-12-19,7.7,457,38.8,81,44.4,31.7,Chuvosa
2024-12-20,6.3,457,35.6,73,41.6,29.4,Chuvosa
2024-12-21,8.5,452,34.6,88,40.5,29.1,Chuvosa
2024-12-22,8.5,452,37.5,85,43.0,31.8,Chuvosa
2024-12-23,8.9,464,29.5,72,34.7,23.8,Chuvosa
2024-12-24,7.4,468,37.0,77,42.3,31.6,Chuvosa
2024-12-25,7.5,460,35.5,70,41.2,30.5,Chuvosa
2024-12-26,6.3,458,35.0,80,40.5,29.4,Chuvosa
2024-12-27,8.0,453,38.5,75,43.2,32.1,Chuvosa
2024-12-28,7.7,465,35.2,77,41.3,29.9,Chuvosa
2024-12-29,8.3,469,31.2,75,38.1,25.3,Chuvosa
2024-12-30,7.6,456,36.0,69,40.4,28.8,Chuvosa
2024-12-31,8.2,456,30.1,80,36.9,23.9,Chuvosa
2025-01-01,7.4,455,36.8,82,42.0,29.0,Chuvosa
2025-01-02,8.5,462,34.9,83,40.9,27.0,Chuvosa
2025-01-03,6.4,454,34.0,79,40.8,26.5,Chuvosa
2025-01-04,7.4,457,34.1,86,39.8,26.9,Chuvosa
2025-01-05,6.4,471,32.9,80,38.4,26.7,Chuvosa
2025-01-06,8.9,459,38.2,83,45.1,30.3,Chuvosa
2025-01-07,7.4,467,30.3,76,36.5,24.4,Chuvosa
2025-01-08,8.1,472,37.6,82,43.5,32.0,Chuvosa
2025-01-09,7.9,467,31.9,75,38.8,24.9,Chuvosa
2025-01-10,8.9,460,34.0,82,38.3,27.9,Chuvosa
2025-01-11,7.4,462,34.7,81,40.9,27.2,Chuvosa
2025-01-12,6.9,464,37.5,84,41.6,32.1,Chuvosa
2025-01-13,8.0,457,31.0,83,35.9,25.2,Chuvosa
2025-01-14,8.5,469,35.9,74,40.0,28.5,Chuvosa
2025-01-15,6.3,471,37.7,83,43.9,31.0,Chuvosa
2025-01-16,6.7,460,36.8,84,42.8,29.0,Chuvosa
2025-01-17,7.2,460,38.6,88,44.3,33.6,Chuvosa
2025-01-18,6.8,471,35.2,84,41.7,27.5,Chuvosa
2025-01-19,8.1,465,35.5,83,41.3,28.2,Chuvosa
2025-01-20,8.9,468,31.9,72,36.5,26.4,Chuvosa
2025-01-21,7.5,465,32.8,77,37.2,26.0,Chuvosa
2025-01-22,6.8,457,32.3,82,36.8,26.3,Chuvosa
2025-01-23,6.2,467,38.3,80,43.8,31.6,Chuvosa
2025-01-24,7.1,458,36.8,74,41.4,31.6,Chuvosa
2025-01-25,7.5,456,33.2,79,37.9,27.6,Chuvosa
2025-01-26,7.0,469,32.6,72,38.2,24.6,Chuvosa
2025-01-27,8.5,467,38.8,68,44.1,31.1,Chuvosa
2025-01-28,7.8,467,35.2,87,40.2,27.5,Chuvosa
2025-01-29,8.8,459,32.9,79,39.6,25.4,Chuvosa
2025-01-30,7.1,454,37.0,77,43.7,31.4,Chuvosa
2025-01-31,7.5,472,38.5,71,44.1,33.5,Chuvosa
2025-02-01,6.2,471,35.7,83,41.0,30.4,Chuvosa
2025-02-02,7.6,469,36.0,88,41.9,28.2,Chuvosa
2025-02-03,8.2,460,30.5,77,34.8,25.3,Chuvosa
2025-02-04,8.4,457,34.6,79,39.4,28.4,Chuvosa
2025-02-05,7.9,466,33.3,68,38.9,26.4,Chuvosa
2025-02-06,7.9,467,36.6,80,40.8,28.8,Chuvosa
2025-02-07,6.3,454,36.9,74,43.2,30.6,Chuvosa
2025-02-08,7.2,463,35.6,77,40.0,29.4,Chuvosa
2025-02-09,8.4,455,34.5,87,40.5,26.8,Chuvosa
2025-02-10,8.4,471,36.3,75,42.0,29.6,Chuvosa
2025-02-11,6.4,462,29.1,80,35.9,23.2,Chuvosa
2025-02-12,8.2,460,38.0,75,43.9,31.5,Chuvosa
2025-02-13,6.5,455,31.2,85,35.7,23.8,Chuvosa
2025-02-14,8.6,471,37.5,87,42.9,30.9,Chuvosa
2025-02-15,6.9,465,29.7,70,35.2,23.7,Chuvosa
2025-02-16,6.4,463,35.6,70,42.3,29.6,Chuvosa
2025-02-17,7.4,462,35.2,74,40.9,29.1,Chuvosa
2025-02-18,6.9,455,33.3,68,38.0,26.1,Chuvosa
2025-02-19,7.3,465,37.4,71,44.0,31.0,Chuvosa
2025-02-20,7.1,453,32.1,79,37.9,24.6,Chuvosa
2025-02-21,8.6,455,30.4,79,37.1,25.2,Chuvosa
2025-02-22,6.2,450,29.2,78,34.9,23.0,Chuvosa
2025-02-23,7.8,460,38.1,79,45.1,31.7,Chuvosa
2025-02-24,8.3,464,32.7,72,38.9,26.8,Chuvosa
2025-02-25,7.4,459,34.1,76,40.1,26.6,Chuvosa
2025-02-26,8.4,459,35.1,71,40.4,29.6,Chuvosa
2025-02-27,8.8,463,35.6,87,41.1,29.5,Chuvosa
2025-02-28,6.7,455,33.9,69,38.0,28.3,Chuvosa
2025-03-01,8.7,457,32.6,77,36.7,24.7,Chuvosa
2025-03-02,7.0,464,36.0,78,42.5,30.2,Chuvosa
2025-03-03,7.6,454,30.7,81,36.7,23.2,Chuvosa
2025-03-04,7.5,457,32.8,86,37.9,25.2,Chuvosa
2025-03-05,7.5,457,33.8,80,38.2,28.3,Chuvosa
2025-03-06,6.2,450,35.4,72,40.5,28.2,Chuvosa
2025-03-07,6.4,461,31.3,84,36.7,24.9,Chuvosa
2025-03-08,6.6,446,30.6,85,34.7,23.9,Chuvosa
2025-03-09,6.5,457,35.3,69,39.5,29.5,Chuvosa
2025-03-10,6.5,457,38.6,80,42.7,31.4,Chuvosa
2025-03-11,8.0,454,31.8,70,38.8,24.2,Chuvosa
2025-03-12,6.5,461,37.3,80,43.8,31.8,Chuvosa
2025-03-13,8.0,452,31.6,82,37.0,24.8,Chuvosa
2025-03-14,6.7,449,32.9,70,39.5,26.4,Chuvosa
2025-03-15,7.3,454,30.5,70,36.3,25.4,Chuvosa
2025-03-16,8.4,454,34.0,70,38.4,27.2,Chuvosa
2025-03-17,8.5,457,38.0,83,43.6,31.9,Chuvosa
2025-03-18,6.1,460,34.3,73,40.7,28.2,Chuvosa
2025-03-19,7.8,457,36.4,83,40.7,31.0,Chuvosa
2025-03-20,7.4,449,31.3,85,37.9,25.1,Chuvosa
2025-03-21,6.6,455,36.1,84,40.5,31.1,Chuvosa
2025-03-22,8.0,450,35.9,74,40.4,28.9,Chuvosa
2025-03-23,6.8,450,37.5,76,42.3,30.5,Chuvosa
2025-03-24,8.3,452,33.1,84,38.2,26.4,Chuvosa
2025-03-25,6.8,456,32.1,75,38.3,24.5,Chuvosa
2025-03-26,8.0,456,36.5,77,41.0,30.9,Chuvosa
2025-03-27,7.2,456,32.4,79,38.5,26.9,Chuvosa
2025-03-28,8.9,445,29.1,70,35.9,22.8,Chuvosa
2025-03-29,6.2,442,31.2,70,36.4,23.2,Chuvosa
2025-03-30,7.8,453,34.2,82,41.0,26.7,Chuvosa
2025-03-31,7.9,454,33.4,72,39.8,27.5,Chuvosa
2025-04-01,6.1,446,35.0,78,39.5,29.9,Trans.Chuvaâ†’Seca
2025-04-02,6.7,461,29.0,71,35.3,22.9,Trans.Chuvaâ†’Seca
2025-04-03,7.2,456,34.9,78,39.1,29.6,Trans.Chuvaâ†’Seca
2025-04-04,6.9,448,37.3,86,44.2,31.5,Trans.Chuvaâ†’Seca
2025-04-05,7.8,452,30.9,87,35.7,24.7,Trans.Chuvaâ†’Seca
2025-04-06,6.3,459,29.7,74,36.1,21.8,Trans.Chuvaâ†’Seca
2025-04-07,8.6,454,37.1,79,44.0,30.4,Trans.Chuvaâ†’Seca
